<?xml version = '1.0' encoding = 'UTF-8'?>
<InheritanceRelation class="oracle.dbtools.crest.model.design.logical.InheritanceRelation" name="Hierarchy_1" directorySegmentName="seg_0" id="74CABBF4-9E5A-1D65-885B-CC06CC096F2A">
<createdBy>amleczko</createdBy>
<createdTime>2019-11-08 12:20:22 UTC</createdTime>
<ownerDesignName>project</ownerDesignName>
<engineerTo>
<item key="7D5EB670-9EF6-4F60-4CD9-4B57C74C7347" value="true"/>
</engineerTo>
<identifying>false</identifying>
<nameOnSource>Super Type</nameOnSource>
<nameOnTarget>Sub Type</nameOnTarget>
<optionalSource>true</optionalSource>
<optionalTarget>true</optionalTarget>
<sourceEntity>9C17360C-6169-2075-60DA-371B26997F10</sourceEntity>
<targetEntity>94F96C0A-197A-362B-07C4-6D1027462B4A</targetEntity>
<transferable>true</transferable>
<deleteRule>NO ACTION</deleteRule>
</InheritanceRelation>