<?xml version = '1.0' encoding = 'UTF-8'?>
<Entity class="oracle.dbtools.crest.model.design.logical.Entity" directorySegmentName="seg_0" id="2A0F20C9-EB81-8330-B8AF-6BAD0F1F54FB" name="ACTIVITY">
<createdBy>amleczko</createdBy>
<createdTime>2019-11-08 12:19:55 UTC</createdTime>
<ownerDesignName>project</ownerDesignName>
<engineerTo>
<item key="7D5EB670-9EF6-4F60-4CD9-4B57C74C7347" value="true"/>
</engineerTo>
<adequatelyNormalized>NO</adequatelyNormalized>
<expectedVolumes>0</expectedVolumes>
<fwdEngineeringStrategyName>Single Table</fwdEngineeringStrategyName>
<growthPercent>0</growthPercent>
<growthType>Year</growthType>
<maxVolumes>9999999</maxVolumes>
<minVolumes>0</minVolumes>
<normalForm>Third</normalForm>
<attributes itemClass="oracle.dbtools.crest.model.design.logical.Attribute">
<Attribute name="START_DATE" id="8261DD50-F2C4-B11F-FF24-3E482A492105">
<createdBy>amleczko</createdBy>
<createdTime>2019-11-08 12:41:25 UTC</createdTime>
<ownerDesignName>project</ownerDesignName>
<engineerTo>
<item key="7D5EB670-9EF6-4F60-4CD9-4B57C74C7347" value="true"/>
</engineerTo>
<useDomainConstraints>false</useDomainConstraints>
<use>1</use>
<logicalDatatype>LOGDT007</logicalDatatype>
<ownDataTypeParameters>,,</ownDataTypeParameters>
</Attribute>
<Attribute name="ACTIVITY_ID" id="0251D969-D796-B77E-02BB-745CB24304BF">
<createdBy>amleczko</createdBy>
<createdTime>2019-11-08 12:42:57 UTC</createdTime>
<ownerDesignName>project</ownerDesignName>
<engineerTo>
<item key="7D5EB670-9EF6-4F60-4CD9-4B57C74C7347" value="true"/>
</engineerTo>
<useDomainConstraints>false</useDomainConstraints>
<use>1</use>
<logicalDatatype>LOGDT019</logicalDatatype>
<ownDataTypeParameters>,,</ownDataTypeParameters>
</Attribute>
<Attribute name="NAME" id="7904F54D-33A7-DBFC-76FC-F8AF7A77B73C">
<createdBy>amleczko</createdBy>
<createdTime>2019-11-08 12:40:01 UTC</createdTime>
<ownerDesignName>project</ownerDesignName>
<engineerTo>
<item key="7D5EB670-9EF6-4F60-4CD9-4B57C74C7347" value="true"/>
</engineerTo>
<useDomainConstraints>false</useDomainConstraints>
<use>1</use>
<logicalDatatype>LOGDT024</logicalDatatype>
<dataTypeSize>80</dataTypeSize>
<ownDataTypeParameters>80,,</ownDataTypeParameters>
</Attribute>
<Attribute name="DESCRIPTION" id="1B87F361-6758-4AC7-2D3E-0AE961A9987D">
<createdBy>amleczko</createdBy>
<createdTime>2019-11-08 12:40:02 UTC</createdTime>
<ownerDesignName>project</ownerDesignName>
<engineerTo>
<item key="7D5EB670-9EF6-4F60-4CD9-4B57C74C7347" value="true"/>
</engineerTo>
<useDomainConstraints>false</useDomainConstraints>
<use>1</use>
<logicalDatatype>LOGDT040</logicalDatatype>
<ownDataTypeParameters>,,</ownDataTypeParameters>
</Attribute>
<Attribute name="AVAILABLE_SPOTS" id="16F09658-871A-1AEF-30A9-8CB4D09E8041">
<createdBy>amleczko</createdBy>
<createdTime>2019-11-08 12:40:02 UTC</createdTime>
<ownerDesignName>project</ownerDesignName>
<engineerTo>
<item key="7D5EB670-9EF6-4F60-4CD9-4B57C74C7347" value="true"/>
</engineerTo>
<useDomainConstraints>false</useDomainConstraints>
<use>1</use>
<logicalDatatype>LOGDT019</logicalDatatype>
<ownDataTypeParameters>,,</ownDataTypeParameters>
</Attribute>
<Attribute name="EMAIL" id="CF4BDC8F-E0F9-8E79-1361-5DDD6ADAD645">
<createdBy>amleczko</createdBy>
<createdTime>2019-11-08 12:40:02 UTC</createdTime>
<ownerDesignName>project</ownerDesignName>
<engineerTo>
<item key="7D5EB670-9EF6-4F60-4CD9-4B57C74C7347" value="true"/>
</engineerTo>
<nullsAllowed>true</nullsAllowed>
<useDomainConstraints>false</useDomainConstraints>
<use>1</use>
<logicalDatatype>LOGDT024</logicalDatatype>
<dataTypeSize>80</dataTypeSize>
<ownDataTypeParameters>80,,</ownDataTypeParameters>
</Attribute>
<Attribute name="PHONE" id="CB4BD5FD-CC1F-9675-83FA-4645EC017188">
<createdBy>amleczko</createdBy>
<createdTime>2019-11-08 12:40:02 UTC</createdTime>
<ownerDesignName>project</ownerDesignName>
<engineerTo>
<item key="7D5EB670-9EF6-4F60-4CD9-4B57C74C7347" value="true"/>
</engineerTo>
<nullsAllowed>true</nullsAllowed>
<useDomainConstraints>false</useDomainConstraints>
<use>1</use>
<logicalDatatype>LOGDT024</logicalDatatype>
<dataTypeSize>12</dataTypeSize>
<ownDataTypeParameters>12,,</ownDataTypeParameters>
</Attribute>
<Attribute name="WEBSITE" id="9DEF88D1-9032-8E8C-D1A4-CAFB2318C0A6">
<createdBy>amleczko</createdBy>
<createdTime>2019-11-08 12:41:24 UTC</createdTime>
<ownerDesignName>project</ownerDesignName>
<engineerTo>
<item key="7D5EB670-9EF6-4F60-4CD9-4B57C74C7347" value="true"/>
</engineerTo>
<nullsAllowed>true</nullsAllowed>
<useDomainConstraints>false</useDomainConstraints>
<use>1</use>
<logicalDatatype>LOGDT024</logicalDatatype>
<dataTypeSize>80</dataTypeSize>
<ownDataTypeParameters>80,,</ownDataTypeParameters>
</Attribute>
<Attribute name="END_DATE" id="33047A72-E98E-96EF-0E3F-5CC5725EECB4">
<createdBy>amleczko</createdBy>
<createdTime>2019-11-08 12:41:25 UTC</createdTime>
<ownerDesignName>project</ownerDesignName>
<engineerTo>
<item key="7D5EB670-9EF6-4F60-4CD9-4B57C74C7347" value="true"/>
</engineerTo>
<useDomainConstraints>false</useDomainConstraints>
<use>1</use>
<logicalDatatype>LOGDT007</logicalDatatype>
<ownDataTypeParameters>,,</ownDataTypeParameters>
</Attribute>
<Attribute name="CREATED_AT" id="72F7CD71-A425-CBB2-3C38-B4A9D2B39E60">
<createdBy>amleczko</createdBy>
<createdTime>2019-11-08 12:41:39 UTC</createdTime>
<ownerDesignName>project</ownerDesignName>
<engineerTo>
<item key="7D5EB670-9EF6-4F60-4CD9-4B57C74C7347" value="true"/>
</engineerTo>
<useDomainConstraints>false</useDomainConstraints>
<use>1</use>
<logicalDatatype>LOGDT007</logicalDatatype>
<ownDataTypeParameters>,,</ownDataTypeParameters>
</Attribute>
<Attribute name="IS_VOLUNTEERING" id="341C4B9C-9229-B869-5F15-99EFFC553BE7">
<createdBy>amleczko</createdBy>
<createdTime>2019-12-13 12:31:49 UTC</createdTime>
<ownerDesignName>project</ownerDesignName>
<engineerTo>
<item key="7D5EB670-9EF6-4F60-4CD9-4B57C74C7347" value="true"/>
</engineerTo>
<useDomainConstraints>false</useDomainConstraints>
<use>1</use>
<logicalDatatype>LOGDT006</logicalDatatype>
<ownDataTypeParameters>,,</ownDataTypeParameters>
</Attribute>
<Attribute name="EMAIL1" id="0E362BDD-9D32-042E-A589-6F4D1BF63251">
<createdBy>amleczko</createdBy>
<createdTime>2019-12-13 12:45:06 UTC</createdTime>
<generatorID>D55D22BF-A8C4-6BB7-D400-967A035B81C9</generatorID>
<ownerDesignName>project</ownerDesignName>
<engineerTo>
<item key="7D5EB670-9EF6-4F60-4CD9-4B57C74C7347" value="true"/>
</engineerTo>
<referedAttribute>D17F4C85-FB91-A12B-4801-91CF00D683A4</referedAttribute>
<useDomainConstraints>false</useDomainConstraints>
<use>1</use>
<logicalDatatype>LOGDT024</logicalDatatype>
<dataTypeSize>80</dataTypeSize>
<ownDataTypeParameters>80,,</ownDataTypeParameters>
</Attribute>
</attributes>
<identifiers itemClass="oracle.dbtools.crest.model.design.logical.CandidateKey">
<identifier id="E84E7D91-B634-B413-50DC-B455D077237C" name="PROJECT PK">
<createdBy>amleczko</createdBy>
<createdTime>2019-11-08 12:43:02 UTC</createdTime>
<ownerDesignName>project</ownerDesignName>
<engineerTo>
<item key="7D5EB670-9EF6-4F60-4CD9-4B57C74C7347" value="true"/>
</engineerTo>
<pk>true</pk>
<usedAttributes>
<attributeRef>0251D969-D796-B77E-02BB-745CB24304BF</attributeRef>
</usedAttributes>
</identifier>
</identifiers>
</Entity>