<?xml version = '1.0' encoding = 'UTF-8'?>
<FKArc class="oracle.dbtools.crest.model.design.relational.FKArc" directorySegmentName="seg_0" id="8723E512-E6F5-13BD-1FD0-53C062BCB805" name="FKArc_2">
<createdBy>amleczko</createdBy>
<createdTime>2019-12-13 13:08:01 UTC</createdTime>
<ownerDesignName>project</ownerDesignName>
<mandatory>false</mandatory>
<reverseArc>true</reverseArc>
<table>EA1597A6-14BC-C0DF-BB4C-76FC0ACEB76B</table>
<fkeys>
<fkeyID>859E86A5-D231-3143-B041-5AA9B1C069FB</fkeyID>
<fkeyID>E8C90155-3E9B-EE46-1AEF-4854CEBA6E81</fkeyID>
</fkeys>
</FKArc>