<?xml version = '1.0' encoding = 'UTF-8'?>
<FKIndexAssociation class="oracle.dbtools.crest.model.design.relational.FKIndexAssociation" directorySegmentName="seg_0" id="05590BA4-8C86-62A3-F35D-A51985660FD1" containerWithKeyObject="35B3003F-A1D1-E951-B0B8-5ED195664AB9" localFKIndex="C2F94213-AA59-DB61-401E-A31C0E0938B6" name="APPLICANT_TO_PROJECT_ACTIVITY_FK">
<createdBy>amleczko</createdBy>
<createdTime>2019-12-13 13:08:01 UTC</createdTime>
<generatorID>B0F79E73-99FB-80B3-3ED1-883217479BC8</generatorID>
<ownerDesignName>project</ownerDesignName>
<referredTableLongName>ACTIVITY</referredTableLongName>
<deleteRule>NO ACTION</deleteRule>
<referredTableID>69044B47-BE49-1FF4-987D-B214492643C2</referredTableID>
<keyObject>2FE18A19-6BB3-9AE7-906E-9FE5676F363C</keyObject>
<referredKeyID>2FE18A19-6BB3-9AE7-906E-9FE5676F363C</referredKeyID>
<mandatory>true</mandatory>
<refColNames>ACTIVITY_ID</refColNames>
<transferable>true</transferable>
<rely>false</rely>
<columnDependencyConstraintGenerateInDDL>true</columnDependencyConstraintGenerateInDDL>
</FKIndexAssociation>