<?xml version = '1.0' encoding = 'UTF-8'?>
<FKIndexAssociation class="oracle.dbtools.crest.model.design.relational.FKIndexAssociation" directorySegmentName="seg_0" id="28857314-EF08-4A97-2FA9-6441ABD3CB9A" containerWithKeyObject="9E037D8E-966A-589F-4AED-6E4D5612BE70" localFKIndex="FAAD181A-1FAA-0E48-FAF1-02D9AA64C940" name="ACCEPTED_TO_PROJECT_ACTIVITY_FK">
<createdBy>amleczko</createdBy>
<createdTime>2019-12-13 13:08:01 UTC</createdTime>
<generatorID>65BA33C3-82C0-6E23-400A-794E744A6120</generatorID>
<ownerDesignName>project</ownerDesignName>
<referredTableLongName>ACTIVITY</referredTableLongName>
<deleteRule>NO ACTION</deleteRule>
<referredTableID>69044B47-BE49-1FF4-987D-B214492643C2</referredTableID>
<keyObject>2FE18A19-6BB3-9AE7-906E-9FE5676F363C</keyObject>
<referredKeyID>2FE18A19-6BB3-9AE7-906E-9FE5676F363C</referredKeyID>
<mandatory>true</mandatory>
<refColNames>ACTIVITY_ID</refColNames>
<transferable>true</transferable>
<rely>false</rely>
<columnDependencyConstraintGenerateInDDL>true</columnDependencyConstraintGenerateInDDL>
</FKIndexAssociation>