<?xml version = '1.0' encoding = 'UTF-8'?>
<FKIndexAssociation class="oracle.dbtools.crest.model.design.relational.FKIndexAssociation" directorySegmentName="seg_0" id="6A24CC25-4142-5BE3-5888-71FA2238909D" containerWithKeyObject="D66EB07E-A521-1A9C-E6EE-7C73DBE5357C" localFKIndex="C34CFE5F-3707-B5FA-FA6B-E6ED61AB330D" name="REVIEW_STUDENT_FK">
<createdBy>amleczko</createdBy>
<createdTime>2019-12-13 13:08:01 UTC</createdTime>
<generatorID>4BB02CF0-9EA0-6F3C-421A-86A2784B7BA4</generatorID>
<ownerDesignName>project</ownerDesignName>
<referredTableLongName>STUDENT</referredTableLongName>
<deleteRule>NO ACTION</deleteRule>
<referredTableID>69BC3B3E-435C-2CA5-AB35-44F0C5BCCFE6</referredTableID>
<keyObject>F1D56051-DE16-3B02-DD07-2E3D22CC2959</keyObject>
<referredKeyID>F1D56051-DE16-3B02-DD07-2E3D22CC2959</referredKeyID>
<mandatory>true</mandatory>
<refColNames>EMAIL</refColNames>
<transferable>true</transferable>
<rely>false</rely>
<columnDependencyConstraintGenerateInDDL>true</columnDependencyConstraintGenerateInDDL>
</FKIndexAssociation>