<?xml version = '1.0' encoding = 'UTF-8'?>
<FKIndexAssociation class="oracle.dbtools.crest.model.design.relational.FKIndexAssociation" directorySegmentName="seg_0" id="83994324-E132-0EC7-256F-EF018CE78A1F" containerWithKeyObject="AF45E6D4-DB85-702B-F482-8AA5312CDA34" localFKIndex="6048CE8B-C5AD-A8EA-6255-085DB4BE03FE" name="Relation_3_ACTIVITY_FK">
<createdBy>amleczko</createdBy>
<createdTime>2019-12-13 13:08:01 UTC</createdTime>
<generatorID>592B4F65-A576-6F63-06A7-36419FE1F0A8</generatorID>
<ownerDesignName>project</ownerDesignName>
<referredTableLongName>ACTIVITY</referredTableLongName>
<deleteRule>NO ACTION</deleteRule>
<referredTableID>69044B47-BE49-1FF4-987D-B214492643C2</referredTableID>
<keyObject>2FE18A19-6BB3-9AE7-906E-9FE5676F363C</keyObject>
<referredKeyID>2FE18A19-6BB3-9AE7-906E-9FE5676F363C</referredKeyID>
<mandatory>true</mandatory>
<refColNames>ACTIVITY_ID</refColNames>
<transferable>true</transferable>
<rely>false</rely>
<columnDependencyConstraintGenerateInDDL>true</columnDependencyConstraintGenerateInDDL>
</FKIndexAssociation>