<?xml version = '1.0' encoding = 'UTF-8'?>
<FKIndexAssociation class="oracle.dbtools.crest.model.design.relational.FKIndexAssociation" directorySegmentName="seg_0" id="8C0628F4-46EE-65E8-4A02-1FE0B48BE8CF" containerWithKeyObject="E8C83ED7-F6B5-AA16-B583-0909C571A846" localFKIndex="59AB74AE-8DF3-3E4A-1B9A-8885C89F44E1" name="SKILL_TO_STUDENT_STUDENT_FK">
<createdBy>amleczko</createdBy>
<createdTime>2019-12-13 13:08:01 UTC</createdTime>
<generatorID>FCB40E3F-96AE-2E99-BE2C-2B39A9AE20DE</generatorID>
<ownerDesignName>project</ownerDesignName>
<referredTableLongName>STUDENT</referredTableLongName>
<deleteRule>NO ACTION</deleteRule>
<referredTableID>69BC3B3E-435C-2CA5-AB35-44F0C5BCCFE6</referredTableID>
<keyObject>F1D56051-DE16-3B02-DD07-2E3D22CC2959</keyObject>
<referredKeyID>F1D56051-DE16-3B02-DD07-2E3D22CC2959</referredKeyID>
<mandatory>true</mandatory>
<refColNames>EMAIL</refColNames>
<transferable>true</transferable>
<rely>false</rely>
<columnDependencyConstraintGenerateInDDL>true</columnDependencyConstraintGenerateInDDL>
</FKIndexAssociation>