<?xml version = '1.0' encoding = 'UTF-8'?>
<FKIndexAssociation class="oracle.dbtools.crest.model.design.relational.FKIndexAssociation" directorySegmentName="seg_0" id="9372F183-65D3-52B3-C6E1-365DC6967326" containerWithKeyObject="D66EB07E-A521-1A9C-E6EE-7C73DBE5357C" localFKIndex="42DC5BC4-4406-4D70-69B9-B9CA6CF71FC5" name="REVIEW_ACTIVITY_FK">
<createdBy>amleczko</createdBy>
<createdTime>2019-12-13 13:08:01 UTC</createdTime>
<generatorID>6CD9013E-81EF-58E4-E3E7-EAF01D2686CB</generatorID>
<ownerDesignName>project</ownerDesignName>
<referredTableLongName>ACTIVITY</referredTableLongName>
<deleteRule>NO ACTION</deleteRule>
<referredTableID>69044B47-BE49-1FF4-987D-B214492643C2</referredTableID>
<keyObject>2FE18A19-6BB3-9AE7-906E-9FE5676F363C</keyObject>
<referredKeyID>2FE18A19-6BB3-9AE7-906E-9FE5676F363C</referredKeyID>
<mandatory>true</mandatory>
<refColNames>ACTIVITY_ID</refColNames>
<transferable>true</transferable>
<rely>false</rely>
<columnDependencyConstraintGenerateInDDL>true</columnDependencyConstraintGenerateInDDL>
</FKIndexAssociation>