<?xml version = '1.0' encoding = 'UTF-8'?>
<FKIndexAssociation class="oracle.dbtools.crest.model.design.relational.FKIndexAssociation" directorySegmentName="seg_0" id="C40D7AD8-B94D-4F68-BF1C-A96CD70E01A4" containerWithKeyObject="35B3003F-A1D1-E951-B0B8-5ED195664AB9" localFKIndex="F1C11F72-1683-9A7D-E78E-ED8C62293EC1" name="APPLICANT_TO_PROJECT_STUDENT_FK">
<createdBy>amleczko</createdBy>
<createdTime>2019-12-13 13:08:01 UTC</createdTime>
<generatorID>B0F79E73-99FB-80B3-3ED1-883217479BC8</generatorID>
<ownerDesignName>project</ownerDesignName>
<referredTableLongName>STUDENT</referredTableLongName>
<deleteRule>NO ACTION</deleteRule>
<referredTableID>69BC3B3E-435C-2CA5-AB35-44F0C5BCCFE6</referredTableID>
<keyObject>F1D56051-DE16-3B02-DD07-2E3D22CC2959</keyObject>
<referredKeyID>F1D56051-DE16-3B02-DD07-2E3D22CC2959</referredKeyID>
<mandatory>true</mandatory>
<refColNames>EMAIL</refColNames>
<transferable>true</transferable>
<rely>false</rely>
<columnDependencyConstraintGenerateInDDL>true</columnDependencyConstraintGenerateInDDL>
</FKIndexAssociation>