<?xml version = '1.0' encoding = 'UTF-8'?>
<Relation class="oracle.dbtools.crest.model.design.logical.Relation" name="GRADE_TO_ACTIVITY" directorySegmentName="seg_0" id="2BC0E818-9364-BA42-B8E7-7AD59392D587">
<createdBy>amleczko</createdBy>
<createdTime>2019-12-13 12:33:14 UTC</createdTime>
<ownerDesignName>project</ownerDesignName>
<engineerTo>
<item key="7D5EB670-9EF6-4F60-4CD9-4B57C74C7347" value="true"/>
</engineerTo>
<sourcePk>E84E7D91-B634-B413-50DC-B455D077237C</sourcePk>
<identifying>true</identifying>
<nameOnSource>IS_GRADED</nameOnSource>
<nameOnTarget>IS_GIVEN_TO</nameOnTarget>
<optionalSource>true</optionalSource>
<optionalTarget>false</optionalTarget>
<sourceCardinality>1</sourceCardinality>
<sourceEntity>2A0F20C9-EB81-8330-B8AF-6BAD0F1F54FB</sourceEntity>
<targetCardinalityString>*</targetCardinalityString>
<targetEntity>100CBA36-1990-FB02-5982-8304D72BB40C</targetEntity>
<transferable>true</transferable>
<deleteRule>NO ACTION</deleteRule>
</Relation>