<?xml version = '1.0' encoding = 'UTF-8'?>
<Relation class="oracle.dbtools.crest.model.design.logical.Relation" name="STUDENT_TO_REVIEW" directorySegmentName="seg_0" id="4BB02CF0-9EA0-6F3C-421A-86A2784B7BA4">
<createdBy>amleczko</createdBy>
<createdTime>2019-11-08 13:08:41 UTC</createdTime>
<ownerDesignName>project</ownerDesignName>
<engineerTo>
<item key="7D5EB670-9EF6-4F60-4CD9-4B57C74C7347" value="true"/>
</engineerTo>
<sourcePk>5932D91B-2F31-6312-372A-AB08178CBB04</sourcePk>
<identifying>true</identifying>
<nameOnSource>WRITES</nameOnSource>
<nameOnTarget>IS_WRITTEN_BY</nameOnTarget>
<optionalSource>true</optionalSource>
<optionalTarget>false</optionalTarget>
<sourceCardinality>1</sourceCardinality>
<sourceEntity>94F96C0A-197A-362B-07C4-6D1027462B4A</sourceEntity>
<targetCardinalityString>*</targetCardinalityString>
<targetEntity>83DAA518-871A-311B-E97B-476C4D02E0DA</targetEntity>
<transferable>true</transferable>
<deleteRule>NO ACTION</deleteRule>
</Relation>