<?xml version = '1.0' encoding = 'UTF-8'?>
<Relation class="oracle.dbtools.crest.model.design.logical.Relation" name="ASSIGNED_TO_STUDENT" directorySegmentName="seg_0" id="592B4F65-A576-6F63-06A7-36419FE1F0A8">
<createdBy>amleczko</createdBy>
<createdTime>2019-11-08 12:54:59 UTC</createdTime>
<ownerDesignName>project</ownerDesignName>
<engineerTo>
<item key="7D5EB670-9EF6-4F60-4CD9-4B57C74C7347" value="true"/>
</engineerTo>
<identifying>false</identifying>
<nameOnSource>PARTICIPATED_IN</nameOnSource>
<nameOnTarget>WAS_ASSIGNED_TO</nameOnTarget>
<optionalSource>true</optionalSource>
<optionalTarget>true</optionalTarget>
<sourceCardinality>*</sourceCardinality>
<sourceEntity>94F96C0A-197A-362B-07C4-6D1027462B4A</sourceEntity>
<targetCardinalityString>*</targetCardinalityString>
<targetEntity>2A0F20C9-EB81-8330-B8AF-6BAD0F1F54FB</targetEntity>
<transferable>true</transferable>
<deleteRule>NO ACTION</deleteRule>
</Relation>