<?xml version = '1.0' encoding = 'UTF-8'?>
<Relation class="oracle.dbtools.crest.model.design.logical.Relation" name="TEACHER_TO_GRADE" directorySegmentName="seg_0" id="679781E8-99E2-0B87-6718-BA111E6F7D6F">
<createdBy>amleczko</createdBy>
<createdTime>2019-12-13 12:20:13 UTC</createdTime>
<ownerDesignName>project</ownerDesignName>
<engineerTo>
<item key="7D5EB670-9EF6-4F60-4CD9-4B57C74C7347" value="true"/>
</engineerTo>
<targetPk>5932D91B-2F31-6312-372A-AB08178CBB04</targetPk>
<identifying>true</identifying>
<nameOnSource>IS_GRADED_BY</nameOnSource>
<nameOnTarget>GRADES</nameOnTarget>
<optionalSource>false</optionalSource>
<optionalTarget>true</optionalTarget>
<sourceCardinality>*</sourceCardinality>
<sourceEntity>100CBA36-1990-FB02-5982-8304D72BB40C</sourceEntity>
<targetCardinalityString>1</targetCardinalityString>
<targetEntity>1D68D585-0746-E6AE-7DCA-E1830C8323C8</targetEntity>
<transferable>true</transferable>
<deleteRule>NO ACTION</deleteRule>
</Relation>