<?xml version = '1.0' encoding = 'UTF-8'?>
<Relation class="oracle.dbtools.crest.model.design.logical.Relation" name="Relation_11" directorySegmentName="seg_0" id="96591475-9C3B-181F-FDEE-4DC6DA3441DA">
<createdBy>amleczko</createdBy>
<createdTime>2019-12-13 12:21:18 UTC</createdTime>
<ownerDesignName>project</ownerDesignName>
<engineerTo>
<item key="7D5EB670-9EF6-4F60-4CD9-4B57C74C7347" value="true"/>
</engineerTo>
<sourcePk>5932D91B-2F31-6312-372A-AB08178CBB04</sourcePk>
<identifying>true</identifying>
<nameOnSource>IS_GIVEN_GRADE</nameOnSource>
<nameOnTarget>GIVEN_TO</nameOnTarget>
<optionalSource>true</optionalSource>
<optionalTarget>false</optionalTarget>
<sourceCardinality>1</sourceCardinality>
<sourceEntity>94F96C0A-197A-362B-07C4-6D1027462B4A</sourceEntity>
<targetCardinalityString>*</targetCardinalityString>
<targetEntity>100CBA36-1990-FB02-5982-8304D72BB40C</targetEntity>
<transferable>true</transferable>
<deleteRule>NO ACTION</deleteRule>
</Relation>