<?xml version = '1.0' encoding = 'UTF-8'?>
<Table class="oracle.dbtools.crest.model.design.relational.Table" directorySegmentName="seg_0" id="312B6D6D-513C-40CF-2C83-BAA4DFC9ABC4" name="ORGANIZATION">
<createdBy>amleczko</createdBy>
<createdTime>2019-12-13 13:08:01 UTC</createdTime>
<generatorID>AE45BE7E-91FD-1891-0E68-70DE9560C5C8</generatorID>
<ownerDesignName>project</ownerDesignName>
<allowColumnReorder>false</allowColumnReorder>
<existDependencyGenerateInDDl>true</existDependencyGenerateInDDl>
<parsed>true</parsed>
<columns itemClass="oracle.dbtools.crest.model.design.relational.Column">
<Column name="EMAIL" id="101E617B-869B-2D60-98E4-5D3E91A4238E">
<createdBy>amleczko</createdBy>
<createdTime>2019-12-13 13:08:01 UTC</createdTime>
<generatorID>D17F4C85-FB91-A12B-4801-91CF00D683A4</generatorID>
<ownerDesignName>project</ownerDesignName>
<useDomainConstraints>false</useDomainConstraints>
<use>1</use>
<logicalDatatype>LOGDT024</logicalDatatype>
<dataTypeSize>80</dataTypeSize>
<ownDataTypeParameters>,,</ownDataTypeParameters>
<autoIncrementCycle>false</autoIncrementCycle>
<associations>
<colAssociation fkAssociation="E8C90155-3E9B-EE46-1AEF-4854CEBA6E81" referredColumn="97A97A0C-2F8E-4EAE-79E8-2F848B275260"/>
</associations>
</Column>
<Column name="TYPE" id="262DB901-09A0-1DCE-6D40-1168570ABF7F">
<createdBy>amleczko</createdBy>
<createdTime>2019-12-13 13:08:01 UTC</createdTime>
<generatorID>40B5EA6D-33AB-DD0A-F63F-EA33F1B79AFF</generatorID>
<ownerDesignName>project</ownerDesignName>
<useDomainConstraints>false</useDomainConstraints>
<use>1</use>
<logicalDatatype>LOGDT024</logicalDatatype>
<dataTypeSize>80</dataTypeSize>
<ownDataTypeParameters>80,,</ownDataTypeParameters>
<autoIncrementCycle>false</autoIncrementCycle>
</Column>
<Column name="DESCRIPTION" id="ABA3E3C1-997F-2B7B-3C7F-47C71509FBE5">
<createdBy>amleczko</createdBy>
<createdTime>2019-12-13 13:08:01 UTC</createdTime>
<generatorID>617BCBAC-1FE3-2EF0-AF60-2EBA4846DB25</generatorID>
<ownerDesignName>project</ownerDesignName>
<useDomainConstraints>false</useDomainConstraints>
<use>1</use>
<logicalDatatype>LOGDT040</logicalDatatype>
<ownDataTypeParameters>,,</ownDataTypeParameters>
<autoIncrementCycle>false</autoIncrementCycle>
</Column>
<Column name="PHONE" id="E8BF5095-9C21-21BB-A2EC-CC47DF714CA9">
<createdBy>amleczko</createdBy>
<createdTime>2019-12-13 13:08:01 UTC</createdTime>
<generatorID>5C8AE958-5B2D-F371-6918-BEEF861FE36D</generatorID>
<ownerDesignName>project</ownerDesignName>
<nullsAllowed>true</nullsAllowed>
<useDomainConstraints>false</useDomainConstraints>
<use>1</use>
<logicalDatatype>LOGDT024</logicalDatatype>
<dataTypeSize>12</dataTypeSize>
<ownDataTypeParameters>12,,</ownDataTypeParameters>
<autoIncrementCycle>false</autoIncrementCycle>
</Column>
<Column name="WEBSITE" id="F53775AD-E16A-314C-C344-8C4F1F630613">
<createdBy>amleczko</createdBy>
<createdTime>2019-12-13 13:08:01 UTC</createdTime>
<generatorID>EAC7B3E5-2B63-3765-82C6-0DF09FD6B0C5</generatorID>
<ownerDesignName>project</ownerDesignName>
<nullsAllowed>true</nullsAllowed>
<useDomainConstraints>false</useDomainConstraints>
<use>1</use>
<logicalDatatype>LOGDT024</logicalDatatype>
<dataTypeSize>80</dataTypeSize>
<ownDataTypeParameters>80,,</ownDataTypeParameters>
<autoIncrementCycle>false</autoIncrementCycle>
</Column>
</columns>
<indexes itemClass="oracle.dbtools.crest.model.design.relational.Index">
<ind_PK_UK id="28B0083F-5191-964A-9503-4C01DA88B8B6" name="ORGANIZATION_PK">
<createdBy>amleczko</createdBy>
<createdTime>2019-12-13 13:08:01 UTC</createdTime>
<generatorID>5932D91B-2F31-6312-372A-AB08178CBB04</generatorID>
<ownerDesignName>project</ownerDesignName>
<pk>true</pk>
<indexState>Primary Constraint</indexState>
<isSurrogateKey>false</isSurrogateKey>
<indexColumnUsage>
<colUsage columnID="101E617B-869B-2D60-98E4-5D3E91A4238E"/>
</indexColumnUsage>
</ind_PK_UK>
<ind_PK_UK id="AA31B39E-E933-28C3-7B61-8E47EEEBCD19" name="ORGANIZATION_USER_FK">
<createdBy>amleczko</createdBy>
<createdTime>2019-12-13 13:08:01 UTC</createdTime>
<generatorID>7374F652-0F78-F9B7-5500-AC7A31D14C11</generatorID>
<ownerDesignName>project</ownerDesignName>
<indexState>Foreign Key</indexState>
<isSurrogateKey>false</isSurrogateKey>
<indexColumnUsage>
<colUsage columnID="101E617B-869B-2D60-98E4-5D3E91A4238E"/>
</indexColumnUsage>
</ind_PK_UK>
</indexes>
</Table>