<?xml version = '1.0' encoding = 'UTF-8'?>
<Table class="oracle.dbtools.crest.model.design.relational.Table" directorySegmentName="seg_0" id="69BC3B3E-435C-2CA5-AB35-44F0C5BCCFE6" name="STUDENT">
<createdBy>amleczko</createdBy>
<createdTime>2019-12-13 13:08:01 UTC</createdTime>
<generatorID>94F96C0A-197A-362B-07C4-6D1027462B4A</generatorID>
<ownerDesignName>project</ownerDesignName>
<allowColumnReorder>false</allowColumnReorder>
<existDependencyGenerateInDDl>true</existDependencyGenerateInDDl>
<parsed>true</parsed>
<columns itemClass="oracle.dbtools.crest.model.design.relational.Column">
<Column name="EMAIL" id="CF018853-B0E3-1EC2-69C1-5C87D79FEBAF">
<createdBy>amleczko</createdBy>
<createdTime>2019-12-13 13:08:01 UTC</createdTime>
<generatorID>D17F4C85-FB91-A12B-4801-91CF00D683A4</generatorID>
<ownerDesignName>project</ownerDesignName>
<useDomainConstraints>false</useDomainConstraints>
<use>1</use>
<logicalDatatype>LOGDT024</logicalDatatype>
<dataTypeSize>80</dataTypeSize>
<ownDataTypeParameters>,,</ownDataTypeParameters>
<autoIncrementCycle>false</autoIncrementCycle>
<associations>
<colAssociation fkAssociation="D9AB09E5-075B-2FEC-892D-EE808E87AB7C" referredColumn="E7809C7F-77B4-A345-D1EE-D22893C0D788"/>
</associations>
</Column>
<Column name="ENROLLMENT_DATE" id="3CE5965C-13CF-D470-A842-F168D0F54814">
<createdBy>amleczko</createdBy>
<createdTime>2019-12-13 13:08:01 UTC</createdTime>
<generatorID>788487E5-FFAD-192A-F567-34B2FF9E48D0</generatorID>
<ownerDesignName>project</ownerDesignName>
<useDomainConstraints>false</useDomainConstraints>
<use>1</use>
<logicalDatatype>LOGDT007</logicalDatatype>
<ownDataTypeParameters>,,</ownDataTypeParameters>
<autoIncrementCycle>false</autoIncrementCycle>
</Column>
<Column name="AVAILABILITY_START_HOUR" id="A1E042B1-67D2-9BA6-6FB9-BC3957121F8A">
<createdBy>amleczko</createdBy>
<createdTime>2019-12-13 13:08:01 UTC</createdTime>
<generatorID>C6C5940B-902D-F0A8-4C14-8A4DBF50CC72</generatorID>
<ownerDesignName>project</ownerDesignName>
<nullsAllowed>true</nullsAllowed>
<useDomainConstraints>false</useDomainConstraints>
<use>1</use>
<logicalDatatype>LOGDT019</logicalDatatype>
<ownDataTypeParameters>,,</ownDataTypeParameters>
<autoIncrementCycle>false</autoIncrementCycle>
</Column>
<Column name="AVAILABILITY_END_HOUR" id="4577A7DA-4EF1-A89C-2228-16A409769D05">
<createdBy>amleczko</createdBy>
<createdTime>2019-12-13 13:08:01 UTC</createdTime>
<generatorID>F7252388-C326-F9B2-CB04-45C481AC9E8A</generatorID>
<ownerDesignName>project</ownerDesignName>
<nullsAllowed>true</nullsAllowed>
<useDomainConstraints>false</useDomainConstraints>
<use>1</use>
<logicalDatatype>LOGDT019</logicalDatatype>
<ownDataTypeParameters>,,</ownDataTypeParameters>
<autoIncrementCycle>false</autoIncrementCycle>
</Column>
</columns>
<indexes itemClass="oracle.dbtools.crest.model.design.relational.Index">
<ind_PK_UK id="F1D56051-DE16-3B02-DD07-2E3D22CC2959" name="STUDENT_PK">
<createdBy>amleczko</createdBy>
<createdTime>2019-12-13 13:08:01 UTC</createdTime>
<generatorID>5932D91B-2F31-6312-372A-AB08178CBB04</generatorID>
<ownerDesignName>project</ownerDesignName>
<pk>true</pk>
<indexState>Primary Constraint</indexState>
<isSurrogateKey>false</isSurrogateKey>
<indexColumnUsage>
<colUsage columnID="CF018853-B0E3-1EC2-69C1-5C87D79FEBAF"/>
</indexColumnUsage>
</ind_PK_UK>
<ind_PK_UK id="F5C0510B-D0FC-BC61-4DFD-B9F48DC0BE23" name="STUDENT_PERSON_FK">
<createdBy>amleczko</createdBy>
<createdTime>2019-12-13 13:08:01 UTC</createdTime>
<generatorID>74CABBF4-9E5A-1D65-885B-CC06CC096F2A</generatorID>
<ownerDesignName>project</ownerDesignName>
<indexState>Foreign Key</indexState>
<isSurrogateKey>false</isSurrogateKey>
<indexColumnUsage>
<colUsage columnID="CF018853-B0E3-1EC2-69C1-5C87D79FEBAF"/>
</indexColumnUsage>
</ind_PK_UK>
</indexes>
</Table>